{
  "Euratech" : [
    [50.631772635097, 3.0183219909668],
    [50.633759746878, 3.0234718322754],
    [50.634739661488, 3.0224633216858],
    [50.6361142295, 3.0210900306702],
    [50.635324878526, 3.018536567688],
    [50.634317756313, 3.0157256126404],
    [50.631772635097, 3.0183219909668]
  ],
  "Fives" : [
    [50.63343576237, 3.08913230896],
    [50.634987295095, 3.0983591079712],
    [50.634742319649, 3.1065559387207],
    [50.63237415784, 3.106427192688],
    [50.63057754171, 3.1034660339355],
    [50.628862525899, 3.1006765365601],
    [50.629842542595, 3.0967283248901],
    [50.63343576237, 3.08913230896]
  ]
}
